product_sk,product_name,amount
31,Item 31,42185.78
17,Item 17,39453.26
54,Item 54,37151.4
40,Item 40,35635.229999999996
59,Item 59,35453.88
47,Item 47,33335.119999999995
19,Item 19,32230.64
60,Item 60,30658.5
32,Item 32,28878.23
39,Item 39,28707.9
